symbol,portfolio,rank_id
1,0.0,3074
6,0.003442515898019588,3363
11,0.0025145719745927574,3238
17,0.0024891085051393096,3229
20,0.002640936971141904,3271
21,0.0026595238680750316,3276
29,0.0024126030674217888,3212
30,0.0021863655107639585,3121
31,0.0,3065
39,0.004961203160795652,3441
56,0.002985828988989024,3312
57,0.0035512853911647117,3383
61,0.0032518604060026903,3342
63,0.0030070046761814045,3317
66,0.0031798608445281853,3333
73,0.0028717114703654912,3299
82,0.0037158890427643502,3397
83,0.0030096883446695697,3318
117,0.00348483872497264,3367
120,0.0044214933934070486,3436
124,0.004354798196633047,3432
126,0.003485536667696391,3368
127,0.0030924614130001618,3328
136,0.004829872800297538,3440
165,0.004478214621320382,3438
166,0.006088333430445679,3443
167,0.00438050347962567,3434
172,0.00437153412847203,3433
173,0.004160925870859314,3426
199,0.004263432141450673,3430
209,0.004136459882254967,3424
219,0.0042360904189168895,3428
220,0.004270932979132026,3431
242,0.005148660710738463,3442
251,0.004252337685895454,3429
259,0.004800420666893202,3439
263,0.003959975881097788,3416
264,0.004165738212178021,3427
270,0.004406232272267936,3435
279,0.0041186068222428115,3422
294,0.003878252980420405,3409
308,0.0041489300721294226,3425
309,0.003916751710970064,3413
312,0.0040686412600802095,3420
326,0.003940746666951223,3414
327,0.003914166069324603,3412
328,0.004124228147398311,3423
336,0.0040030812435317845,3419
339,0.003954789484460667,3415
354,0.004445920759015554,3437
362,0.0038653587772220473,3408
390,0.00411701446329473,3421
398,0.003794831927371552,3404
404,0.003991700474029138,3418
408,0.003784917572265333,3402
409,0.0037500212757081573,3400
410,0.003796841162785609,3405
411,0.0037462374815612925,3399
414,0.003797989777096695,3406
418,0.003895970859947119,3411
423,0.0037892996030325548,3403
431,0.0036986367382635848,3396
432,0.0037732899514414443,3401
433,0.003741802973897548,3398
452,0.0036584717612955413,3394
457,0.0036914474034399907,3395
458,0.003633152708261324,3391
462,0.003979778142954378,3417
471,0.0036254407035483647,3390
477,0.003581292100411499,3387
480,0.003819340737123461,3407
496,0.0035245221739381924,3378
513,0.003647733728821504,3392
520,0.003589594365256544,3388
522,0.003880645507086663,3410
523,0.0035520494547780805,3384
524,0.003621715263710433,3389
527,0.003451378196304323,3364
529,0.0035062463600476503,3373
530,0.003415383453349136,3359
531,0.0035127639905957555,3376
532,0.0035091330091715648,3374
534,0.0036564877147918155,3393
538,0.0035134652918408834,3377
541,0.003488176675406649,3369
545,0.003509275116607348,3375
547,0.0035630158667057845,3385
549,0.003526656514273559,3380
550,0.0034386972592134325,3361
551,0.003496468654779976,3371
554,0.003526468437076422,3379
566,0.0034425049828251115,3362
567,0.0034557854159818755,3366
573,0.0035312064711096533,3382
574,0.003498090190882524,3372
577,0.003388486105175105,3354
584,0.0035311812821993225,3381
586,0.003568965067510757,3386
587,0.003392676700223813,3355
589,0.003406470357428568,3357
591,0.0034157908839737377,3360
592,0.003452031848527408,3365
594,0.003380987366569614,3352
595,0.003348353873790492,3349
598,0.0034901336438317694,3370
601,0.003375386612357551,3351
603,0.0033816261153540865,3353
609,0.003340212608063978,3348
612,0.0033713538678135833,3350
619,0.003406087485991539,3356
628,0.003409753102167435,3358
634,0.003300195196128956,3346
646,0.003292548052860099,3345
649,0.003251034419651425,3341
652,0.0032429716593621086,3340
654,0.0033398738172200283,3347
663,0.003283936594140742,3343
667,0.0032072430792260847,3338
684,0.0032386433649369255,3339
688,0.0032906076671342798,3344
689,0.003183635822556434,3334
690,0.003134629538062265,3332
696,0.0031192708098956206,3331
697,0.0031986618471991253,3336
698,0.0031877153764921,3335
711,0.003102589034213849,3329
717,0.003199615877177906,3337
727,0.0031126650181613575,3330
729,0.0030641662902103554,3326
739,0.0030675176747298736,3327
742,0.0030570071820791578,3324
746,0.0030201696601658188,3320
747,0.003060608776441296,3325
751,0.0030027863733313328,3315
753,0.003024779650571535,3321
755,0.002953596419699335,3307
756,0.0030056524515118103,3316
757,0.0030317634858683467,3322
761,0.0029978218490127103,3314
763,0.0029829994347285262,3311
767,0.003036536154653283,3323
772,0.00301105043499571,3319
778,0.002982034909370441,3310
780,0.002987036587331802,3313
788,0.0029314881131019556,3306
793,0.0029224801389524744,3304
794,0.0029645174915884434,3308
800,0.002969829412962046,3309
803,0.0029181237169107555,3303
805,0.0029276016741454926,3305
822,0.0028387719323258497,3297
823,0.002884673473714156,3301
824,0.002829997375412101,3295
828,0.0028963951331366132,3302
831,0.0028788080260360336,3300
845,0.0028090276075616754,3294
849,0.0028516781002566145,3298
854,0.0027884516263427554,3292
866,0.002767052387571189,3291
867,0.002766622077019704,3290
870,0.002727985227278398,3286
877,0.002760881734262891,3288
878,0.0027603296773114736,3287
880,0.002836291034565848,3296
884,0.002764631313473223,3289
892,0.0027196451790678566,3284
893,0.002800153974267292,3293
904,0.0027192039533218944,3283
913,0.002687486077433299,3281
916,0.0027244419872251933,3285
924,0.002669428357524705,3279
925,0.002664195991126231,3277
928,0.002666519878011837,3278
935,0.002656489234102924,3275
936,0.0026701105571794986,3280
939,0.0026421697583950124,3272
940,0.002699978727419466,3282
945,0.002637317324727362,3270
955,0.0026187111162963134,3268
960,0.0026063712790328204,3265
963,0.0025878725432858505,3261
965,0.0026524019135865723,3274
966,0.0026259991076853706,3269
967,0.0026070272402393528,3266
969,0.0026044737144545636,3264
970,0.002596289837488073,3262
971,0.0026028030599768706,3263
972,0.00257609148001653,3257
974,0.0025608559676029204,3253
976,0.002575241774108036,3256
977,0.0025867596132643994,3260
978,0.002577318389857228,3258
979,0.002646055567628717,3273
985,0.0025252191170820177,3243
986,0.002553023475935545,3250
991,0.002570795091804298,3255
992,0.002566643539566603,3254
993,0.0026103093552554612,3267
994,0.002582871075232076,3259
996,0.002553590226417989,3251
1000,0.0025503773809052903,3248
1004,0.002559847781466928,3252
1007,0.002547320076913884,3247
1008,0.002531320710794492,3246
1009,0.002519279362118419,3241
1017,0.0025295797372754587,3245
1018,0.0025185111003533287,3240
1028,0.0025275385959083164,3244
1030,0.002489262787215086,3230
1036,0.0024966404091434032,3233
1037,0.0025177189091234236,3239
1039,0.002503542170574054,3235
1040,0.002488184282037754,3228
1042,0.0025034460328996247,3234
1043,0.00247342253104595,3226
1044,0.00252004384554696,3242
1047,0.002481266147815388,3227
1048,0.0025509334261008434,3249
1053,0.0024622361359680233,3221
1054,0.002466899862715779,3224
1056,0.0024595963381653513,3220
1060,0.0024635077561245586,3222
1068,0.002508956107034496,3237
1069,0.0024720243366150025,3225
1070,0.0024545967592798515,3218
1071,0.0025046093407417374,3236
1072,0.0024960434319685624,3232
1073,0.002464409519114403,3223
1074,0.0024584053225218745,3219
1075,0.002491744314697846,3231
1076,0.0024482613285164725,3215
1088,0.002443123630439325,3214
1097,0.0024512516719879156,3217
1102,0.002399417302586352,3209
1103,0.0024486488179203954,3216
1104,0.002395066548049457,3205
1105,0.0024173345943198513,3213
1106,0.0024095419850938336,3211
1112,0.0023909653736324237,3202
1117,0.002393087539327797,3203
1118,0.002396056892040631,3206
1120,0.0023787294406240455,3199
1125,0.002397907857134776,3207
1126,0.0023990193178031246,3208
1127,0.0023940182695645217,3204
1128,0.002371328728861258,3197
1135,0.0023696761264359687,3196
1143,0.002365817185373284,3195
1144,0.002402205924867562,3210
1150,0.0023721244885201265,3198
1152,0.0023843098338002574,3200
1154,0.0023480778952727887,3189
1156,0.0023445619432057754,3186
1158,0.0023541547198901044,3192
1162,0.002337637931570999,3183
1163,0.0023426450671295983,3185
1166,0.0023453234879281114,3187
1167,0.002386565290812798,3201
1170,0.0023652911569625413,3194
1171,0.002346824117261071,3188
1173,0.002352669623718515,3191
1178,0.00236140681708194,3193
1179,0.002329177816221214,3180
1181,0.002336570971310902,3182
1184,0.0023189746282765347,3175
1186,0.002350332722562571,3190
1188,0.002328768496428338,3179
1192,0.002325511360414974,3178
1193,0.0023206599762852537,3177
1195,0.0023087701808863384,3170
1197,0.00231720363797269,3174
1198,0.0023110397017071472,3172
1208,0.0023194431420086883,3176
1209,0.0022848868957409786,3161
1210,0.002342414588600071,3184
1215,0.002308924672869701,3171
1216,0.0022921933589976117,3165
1218,0.0022912760628463966,3164
1219,0.0023072374356927065,3169
1220,0.0022955714017805634,3167
1222,0.0022862594814464236,3163
1223,0.0023295909143506398,3181
1224,0.0022828169970345417,3159
1225,0.0022815145204628513,3158
1226,0.0022841106574876167,3160
1227,0.0022977046925779995,3168
1229,0.0023114637150310497,3173
1230,0.0022852718662538683,3162
1236,0.002274980517123031,3155
1239,0.0022943999075425935,3166
1244,0.002279283202822711,3157
1245,0.0022669567996447277,3152
1250,0.0022704167063862545,3154
1255,0.0022777949580373305,3156
1256,0.0022695334152639866,3153
1261,0.002246221708475551,3146
1266,0.002256293704178924,3151
1267,0.0022545082302516395,3150
1268,0.0022408470247337075,3141
1270,0.0022482437482523594,3147
1272,0.0022512269548658754,3148
1275,0.002252946097995955,3149
1276,0.002237562810641738,3138
1277,0.002242194631436408,3143
1278,0.002238085480531103,3139
1279,0.0022451734299906156,3145
1280,0.002239500257661352,3140
1281,0.002235090729000352,3134
1283,0.002235434767533954,3135
1287,0.0022365863205512457,3137
1291,0.0022343604605083436,3133
1294,0.002230078345752101,3130
1297,0.0022222408163026595,3126
1298,0.0022361560099997606,3136
1300,0.0022222265425868052,3125
1302,0.0022325082359686828,3132
1305,0.0022280632329256334,3129
1306,0.00223175886588634,3131
1313,0.002225919446748893,3128
1319,0.002224509917308296,3127
1320,0.0022115441356230815,3123
1322,0.0022422760755798107,3144
1323,0.0022412328348769416,3142
1339,0.002216931203912504,3124
1349,0.0021869557708960445,3122
1357,0.0021858155528884015,3119
1359,0.0021860103471282935,3120
1363,0.0021794297443043613,3116
1365,0.0021765090901515,3115
1366,0.0021821619014449132,3117
1371,0.002176499014587368,3114
1373,0.0021822815487689846,3118
1382,0.002175026302963358,3113
1384,0.002170628109312007,3111
1387,0.002173012449582407,3112
1392,0.0021673858767372552,3110
1396,0.0021653581694556228,3107
1398,0.002160577524182415,3104
1403,0.002165324374334262,3106
1404,0.002166072065155916,3108
1409,0.0021523401207814716,3102
1410,0.0021542781975238436,3103
1411,0.002164360058883763,3105
1412,0.0021519404567375555,3101
1413,0.0021670535930284744,3109
1416,0.0021508604822071207,3099
1417,0.0,3097
1421,0.0021514946130246995,3100
1437,0.0,3098
1445,0.0,3095
1449,0.0,3096
1457,0.0,3092
1463,0.0,3090
1468,0.0,3088
1471,0.0,3089
1473,0.0,3087
1474,0.0,3093
1475,0.0,3082
1476,0.0,3091
1479,0.0,3086
1480,0.0,3085
1482,0.0,3094
1484,0.0,3083
1487,0.0,3084
1490,0.0,3078
1496,0.0,3073
1498,0.0,3080
1500,0.0,3071
1508,0.0,3075
1511,0.0,3079
1513,0.0,3081
1518,0.0,3069
1520,0.0,3064
1521,0.0,3067
1528,0.0,3077
1531,0.0,3068
1532,0.0,3061
1534,0.0,3076
1535,0.0,3070
1536,0.0,3066
1537,0.0,3072
1538,0.0,3062
1540,0.0,3060
1541,0.0,3063
1542,0.0,3059
1543,0.0,3057
1558,0.0,3056
1563,0.0,3054
1564,0.0,3058
1569,0.0,3055
1574,0.0,3051
1576,0.0,3050
1577,0.0,3053
1579,0.0,3044
1581,0.0,3048
1583,0.0,3052
1601,0.0,3043
1604,0.0,3041
1605,0.0,3040
1606,0.0,3047
1607,0.0,3045
1613,0.0,3042
1614,0.0,3049
1616,0.0,3038
1623,0.0,3039
1626,0.0,3035
1628,0.0,3046
1637,0.0,3037
1641,0.0,3036
1643,0.0,3029
1645,0.0,3033
1648,0.0,3034
1650,0.0,3032
1651,0.0,3031
1656,0.0,3028
1657,0.0,3024
1659,0.0,3023
1660,0.0,3027
1662,0.0,3030
1667,0.0,3025
1672,0.0,3022
1675,0.0,3017
1677,0.0,3021
1678,0.0,3026
1679,0.0,3014
1681,0.0,3019
1685,0.0,3016
1692,0.0,3013
1694,0.0,3020
1695,0.0,3011
1701,0.0,3012
1702,0.0,3010
1703,0.0,3006
1704,0.0,3001
1705,0.0,3003
1706,0.0,3018
1707,0.0,3007
1708,0.0,2999
1709,0.0,3015
1712,0.0,3002
1714,0.0,2997
1715,0.0,3008
1716,0.0,2996
1717,0.0,3005
1718,0.0,3009
1719,0.0,3000
1723,0.0,3004
1725,0.0,2994
1726,0.0,2990
1728,0.0,2993
1730,0.0,2989
1731,0.0,2988
1734,0.0,2991
1736,0.0,2992
1740,0.0,2987
1741,0.0,2984
1743,0.0,2995
1744,0.0,2998
1749,0.0,2986
1753,0.0,2978
1758,0.0,2983
1759,0.0,2985
1760,0.0,2982
1761,0.0,2979
1763,0.0,2980
1764,0.0,2977
1766,0.0,2976
1780,0.0,2974
1781,0.0,2973
1782,0.0,2975
1789,0.0,2972
1790,0.0,2971
1796,0.0,2969
1797,0.0,2981
1798,0.0,2970
1808,0.0,2968
1809,0.0,2964
1810,0.0,2967
1811,0.0,2966
1815,0.0,2963
1816,0.0,2960
1822,0.0,2962
1825,0.0,2958
1827,0.0,2957
1829,0.0,2965
1830,0.0,2961
1832,0.0,2959
1837,0.0,2955
1838,0.0,2956
1849,0.0,2954
1852,0.0,2951
1856,0.0,2952
1857,0.0,2953
1858,0.0,2950
1861,0.0,2949
1869,0.0,2948
1874,0.0,2944
1875,0.0,2943
1877,0.0,2945
1878,0.0,2947
1880,0.0,2942
1892,0.0,2946
1897,0.0,2940
1898,0.0,2941
1900,0.0,2936
1907,0.0,2937
1910,0.0,2935
1915,0.0,2938
1917,0.0,2939
1924,0.0,2934
1927,0.0,2932
1933,0.0,2933
1938,0.0,2931
1940,0.0,2926
1942,0.0,2928
1951,0.0,2927
1955,0.0,2930
1956,0.0,2929
1959,0.0,2924
1965,0.0,2923
1967,0.0,2925
1970,0.0,2922
1972,0.0,2917
1974,0.0,2918
1975,0.0,2921
1978,0.0,2916
1980,0.0,2915
1983,0.0,2919
1985,0.0,2920
1986,0.0,2914
1990,0.0,2913
2011,0.0,2912
2020,0.0,2911
2031,0.0,2910
2064,0.0,2909
2083,0.0,2907
2085,0.0,2908
2095,0.0,2906
2121,0.0,2904
2123,0.0,2905
2124,0.0,2902
2125,0.0,2900
2132,0.0,2899
2133,0.0,2901
2137,0.0,2903
2142,0.0,2898
2145,0.0,2893
2148,0.0,2894
2149,0.0,2896
2152,0.0,2897
2159,0.0,2891
2160,0.0,2892
2168,0.0,2889
2174,0.0,2895
2179,0.0,2890
2181,0.0,2887
2182,0.0,2888
2189,0.0,2885
2190,0.0,2886
2210,0.0,2884
2211,0.0,2883
2212,0.0,2882
2213,0.0,2881
2214,0.0,2880
2216,0.0,2878
2224,0.0,2879
2229,0.0,2876
2244,0.0,2875
2249,0.0,2871
2251,0.0,2874
2252,0.0,2877
2256,0.0,2872
2258,0.0,2873
2259,0.0,2869
2264,0.0,2870
2269,0.0,2868
2270,0.0,2866
2271,0.0,2865
2272,0.0,2864
2281,0.0,2867
2289,0.0,2861
2291,0.0,2856
2292,0.0,2863
2293,0.0,2859
2295,0.0,2862
2296,0.0,2853
2300,0.0,2858
2303,0.0,2860
2304,0.0,2857
2305,0.0,2855
2307,0.0,2854
2319,0.0,2852
2332,0.0,2850
2334,0.0,2851
2340,0.0,2848
2345,0.0,2849
2350,0.0,2847
2367,0.0,2845
2376,0.0,2846
2378,0.0,2844
2387,0.0,2843
2407,0.0,2842
2408,0.0,2839
2409,0.0,2840
2415,0.0,2838
2419,0.0,2841
2420,0.0,2837
2443,0.0,2836
2446,0.0,2834
2450,0.0,2835
2472,0.0,2833
2482,0.0,2832
2495,0.0,2831
2504,0.0,2830
2512,0.0,2829
2537,0.0,2828
2542,0.0,2827
2543,0.0,2824
2545,0.0,2826
2547,0.0,2825
2560,0.0,2823
2562,0.0,2817
2563,0.0,2819
2564,0.0,2822
2567,0.0,2821
2573,0.0,2820
2577,0.0,2818
2584,0.0,2816
2593,0.0,2810
2594,0.0,2815
2595,0.0,2812
2597,0.0,2814
2598,0.0,2813
2601,0.0,2811
2604,0.0,2809
2620,0.0,2808
2621,0.0,2803
2624,0.0,2807
2628,0.0,2806
2630,0.0,2805
2634,0.0,2804
2649,0.0,2800
2653,0.0,2802
2662,0.0,2798
2666,0.0,2801
2669,0.0,2799
2681,0.0,2797
2683,0.0,2794
2685,0.0,2796
2692,0.0,2795
2703,0.0,2792
2707,0.0,2793
2708,0.0,2791
2746,0.0,2790
2770,0.0,2788
2772,0.0,2789
2780,0.0,2787
2801,0.0,2784
2802,0.0,2785
2803,0.0,2782
2804,0.0,2786
2808,0.0,2783
2810,0.0,2781
2837,0.0,2780
2844,0.0,2778
2846,0.0,2776
2849,0.0,2779
2851,0.0,2775
2861,0.0,2773
2863,0.0,2777
2871,0.0,2774
2885,0.0,2772
2906,0.0,2771
2910,0.0,2770
2919,0.0,2769
2938,0.0,2767
2939,0.0,2765
2943,0.0,2768
2945,0.0,2766
2952,0.0,2764
2955,0.0,2763
2959,0.0,2762
2967,0.0,2761
2980,0.0,2760
2983,0.0,2759
2989,0.0,2758
3032,0.0,2756
3053,0.0,2757
3069,0.0,2755
3095,0.0,2754
3125,0.0,2753
3131,0.0,2751
3132,0.0,2750
3145,0.0,2752
3147,0.0,2749
3152,0.0,2748
3165,0.0,2747
3175,0.0,2746
3190,0.0,2745
3230,0.0,2743
3238,0.0,2744
3241,0.0,2742
3284,0.0,2741
3291,0.0,2740
3292,0.0,2739
3293,0.0,2738
3298,0.0,2737
3304,0.0,2736
3308,0.0,2735
3378,0.0,2734
3396,0.0,2732
3397,0.0,2733
3413,0.0,2731
3434,0.0,2730
3446,0.0,2729
3456,0.0,2728
3501,0.0,2727
3513,0.0,2726
3516,0.0,2725
3567,0.0,2724
3580,0.0,2723
3581,0.0,2721
3586,0.0,2722
3593,0.0,2720
3624,0.0,2719
3634,0.0,2718
3655,0.0,2717
3659,0.0,2716
3670,0.0,2715
3684,0.0,2714
3713,0.0,2713
3715,0.0,2712
3717,0.0,2711
3745,0.0,2709
3751,0.0,2710
3822,0.0,1905
3834,0.0,1892
3835,0.0,1897
3845,0.0,1845
3853,0.0,1837
3857,0.0,1764
3886,0.0,1649
3889,0.0,1618
3940,0.0,1381
3956,0.0,1337
3961,0.0,1332
3980,0.0,1219
3984,0.0,1199
3993,0.0,1198
4040,0.0,1036
4044,0.0,1005
4050,0.0,1000
4075,0.0,936
4076,0.0,931
4091,0.0,899
4098,0.0,874
4099,0.0,848
4119,0.0,827
4128,0.0,808
4138,0.0,802
4139,0.0,791
4148,0.0,776
4183,0.0,742
4189,0.0,727
4205,0.0,705
4209,0.0,696
4211,0.0,680
4223,0.0,684
4224,0.0,679
4244,0.0,658
4249,0.0,664
4250,0.0,659
4260,0.0,666
4263,0.0,646
4266,0.0,649
4292,0.0,638
4314,0.0,596
4316,0.0,609
4320,0.0,614
4321,0.0,594
4332,0.0,568
4341,0.0,575
4350,0.0,574
4351,0.0,578
4352,0.0,552
4355,0.0,553
4357,0.0,550
4359,0.0,549
4374,0.0,545
4390,0.0,541
4393,0.0,537
4394,0.0,529
4403,0.0,530
4423,0.0,524
4424,0.0,516
4434,0.0,514
4448,0.0,511
4450,0.0,506
4456,0.0,504
4475,0.0,502
4476,0.0,497
4477,0.0,495
4481,0.0,493
4496,0.0,490
4505,0.0,479
4521,0.0,476
4549,0.0,462
4573,0.0,454
4604,0.0,433
4616,0.0,437
4634,0.0,421
4640,0.0,422
4641,0.0,425
4666,0.0,410
4671,0.0,412
4674,0.0,404
4677,0.0,403
4683,0.0,394
4685,0.0,413
4686,0.0,401
4693,0.0,396
4694,0.0,391
4695,0.0,389
4698,0.0,387
4702,0.0,390
4703,0.0,397
4716,0.0,386
4724,0.0,380
4726,0.0,379
4730,0.0,371
4745,0.0,372
4784,0.0,365
4794,0.0,351
4805,0.0,345
4809,0.0,359
4812,0.0,337
4814,0.0,348
4833,0.0,343
4845,0.0,326
4851,0.0,323
4868,0.0,324
4871,0.0,325
4881,0.0,317
4890,0.0,321
4895,0.0,316
4905,0.0,307
4925,0.0,283
4926,0.0,289
4930,0.0,322
4932,0.0,299
4934,0.0,281
4936,0.0,285
4942,0.0,286
4944,0.0,292
4958,0.0,291
4959,0.0,295
4986,0.0,276
4987,0.0,253
4995,0.0,263
4997,0.0,249
5000,0.0,258
5001,0.0,246
5004,0.0,259
5005,0.0,255
5009,0.0,235
5028,0.0,243
5029,0.0,230
5037,0.0,222
5041,0.0,232
5043,0.0,227
5049,0.0,267
5055,0.0,226
5067,0.0,225
5075,0.0,223
5076,0.0,204
5080,0.0,216
5082,0.0,211
5088,0.0,210
5090,0.0,213
5094,0.0,236
5104,0.0,217
5106,0.0,193
5108,0.0,212
5109,0.0,197
5117,0.0,201
5119,0.0,218
5120,0.0,195
5123,0.0,200
5126,0.0,214
5136,0.0,206
5142,0.0,181
5161,0.0,191
5164,0.0,176
5169,0.0,179
5175,0.0,173
5176,0.0,177
5188,0.0,172
5197,0.0,152
5209,0.0,103
5211,0.0,147
5225,0.0,138
5226,0.0,141
5228,0.0,149
5231,0.0,124
5233,0.0,151
5235,0.0,137
5237,0.0,140
5241,0.0,128
5244,0.0,130
5250,0.0,106
5251,0.0,129
5255,0.0,108
5258,0.0,111
5259,0.0,112
5260,0.0,143
5262,0.0,127
5264,0.0,115
5265,0.0,156
5267,0.0,135
5268,0.0,116
5269,0.0,163
5270,0.0,145
5275,0.0,85
5287,0.0,132
5290,0.0,84
5293,0.0,93
5294,0.0,82
5296,0.0,100
5299,0.0,164
5303,0.0,96
5310,0.0,192
5311,0.0,95
5328,0.0,30
5331,0.0,133
5335,0.0,78
5341,0.0,159
5343,0.0,34
5347,0.0,21
5351,0.0,42
5352,0.0,24
5354,0.0,73
5357,0.0,43
5358,0.0,62
5360,0.0,121
5368,0.0,54
5379,0.0,44
5381,0.0,86
5395,0.0,46
5399,0.0,99
5400,0.0,74
5402,0.0,5
5409,0.0,22
5412,0.0,109
5421,0.0,56
5433,0.0,88
5434,0.0,40
5437,0.0,33
5443,0.0,119
5445,0.0,70
5449,0.0,18
5450,0.0,49
5453,0.0,2
5457,0.0,65
5472,0.0,57
5474,0.0,32
5477,0.0,8
5481,0.0,12
5482,0.0,76
5492,0.0,14
5493,0.0,72
5495,0.0,101
5498,0.0,17
5502,0.0,23
5504,0.0,25
5505,0.0,107
5519,0.0,4
5520,0.0,7
5521,0.0,3
5526,0.0,15
5535,0.0,20
5536,0.0,67
5537,0.0,6
5541,0.0,59
5543,0.0,16
5544,0.0,1
5545,0.0,50
5549,0.0,27
5550,0.0,52
5569,0.0,9
5571,0.0,41
5576,0.0,91
5583,0.0,13
5585,0.0,123
5587,0.0,28
5589,0.0,45
5593,0.0,38
5596,0.0,37
5598,0.0,144
5599,0.0,113
5609,0.0,19
5612,0.0,39
5616,0.0,75
5620,0.0,10
5628,0.0,71
5630,0.0,97
5632,0.0,92
5634,0.0,81
5635,0.0,87
5638,0.0,150
5642,0.0,11
5644,0.0,51
5646,0.0,35
5650,0.0,83
5660,0.0,69
5662,0.0,29
5668,0.0,36
5669,0.0,80
5671,0.0,64
5674,0.0,31
5680,0.0,47
5682,0.0,26
5683,0.0,60
5689,0.0,53
5695,0.0,77
5701,0.0,68
5707,0.0,118
5708,0.0,63
5711,0.0,61
5726,0.0,79
5728,0.0,94
5729,0.0,148
5730,0.0,58
5732,0.0,55
5738,0.0,102
5739,0.0,66
5742,0.0,48
5743,0.0,154
5760,0.0,90
5774,0.0,122
5775,0.0,158
5777,0.0,98
5794,0.0,120
5802,0.0,89
5805,0.0,114
5810,0.0,117
5812,0.0,104
5815,0.0,146
5819,0.0,131
5821,0.0,165
5825,0.0,155
5826,0.0,105
5827,0.0,125
5833,0.0,139
5840,0.0,126
5844,0.0,171
5847,0.0,136
5848,0.0,142
5851,0.0,153
5855,0.0,161
5875,0.0,110
5888,0.0,169
5894,0.0,167
5903,0.0,180
5904,0.0,168
5910,0.0,157
5911,0.0,134
5914,0.0,175
5927,0.0,162
5933,0.0,184
5937,0.0,174
5939,0.0,166
5947,0.0,170
5949,0.0,183
5953,0.0,160
5960,0.0,186
5962,0.0,188
5967,0.0,198
5968,0.0,187
5970,0.0,202
5977,0.0,189
5983,0.0,182
6002,0.0,199
6007,0.0,185
6009,0.0,178
6022,0.0,190
6025,0.0,209
6039,0.0,194
6049,0.0,203
6051,0.0,196
6058,0.0,205
6072,0.0,207
6080,0.0,238
6100,0.0,228
6106,0.0,231
6109,0.0,208
6111,0.0,224
6113,0.0,220
6121,0.0,219
6122,0.0,241
6123,0.0,215
6128,0.0,221
6132,0.0,256
6136,0.0,233
6138,0.0,245
6154,0.0,229
6157,0.0,234
6158,0.0,242
6160,0.0,239
6167,0.0,240
6179,0.0,244
6181,0.0,237
6193,0.0,247
6195,0.0,279
6201,0.0,251
6202,0.0,257
6205,0.0,248
6209,0.0,250
6216,0.0,277
6218,0.0,264
6223,0.0,271
6225,0.0,266
6227,0.0,254
6228,0.0,252
6230,0.0,260
6231,0.0,268
6233,0.0,293
6235,0.0,261
6240,0.0,273
6243,0.0,278
6250,0.0,274
6251,0.0,272
6252,0.0,262
6257,0.0,269
6259,0.0,270
6265,0.0,275
6266,0.0,290
6267,0.0,265
6270,0.0,284
6274,0.0,288
6277,0.0,287
6281,0.0,305
6299,0.0,280
6302,0.0,282
6314,0.0,306
6323,0.0,302
6336,0.0,298
6345,0.0,297
6346,0.0,300
6348,0.0,304
6354,0.0,294
6364,0.0,303
6366,0.0,296
6369,0.0,301
6371,0.0,315
6377,0.0,312
6385,0.0,308
6392,0.0,311
6408,0.0,309
6419,0.0,310
6424,0.0,313
6429,0.0,319
6430,0.0,318
6435,0.0,320
6449,0.0,314
6477,0.0,327
6502,0.0,331
6511,0.0,329
6522,0.0,328
6526,0.0,333
6527,0.0,330
6529,0.0,334
6533,0.0,340
6537,0.0,332
6538,0.0,335
6547,0.0,336
6551,0.0,341
6556,0.0,339
6564,0.0,338
6567,0.0,347
6568,0.0,344
6573,0.0,342
6595,0.0,346
6603,0.0,350
6604,0.0,349
6608,0.0,352
6615,0.0,353
6624,0.0,356
6642,0.0,355
6644,0.0,354
6648,0.0,357
6652,0.0,358
6671,0.0,360
6675,0.0,363
6689,0.0,361
6692,0.0,364
6696,0.0,362
6718,0.0,376
6720,0.0,367
6736,0.0,366
6751,0.0,374
6752,0.0,369
6759,0.0,368
6768,0.0,370
6769,0.0,373
6775,0.0,382
6780,0.0,377
6781,0.0,375
6785,0.0,378
6796,0.0,381
6801,0.0,383
6803,0.0,384
6813,0.0,385
6857,0.0,388
6863,0.0,392
6864,0.0,399
6868,0.0,393
6877,0.0,395
6879,0.0,405
6881,0.0,400
6882,0.0,402
6887,0.0,411
6890,0.0,398
6904,0.0,407
6921,0.0,406
6923,0.0,408
6926,0.0,409
6942,0.0,414
6967,0.0,416
6969,0.0,415
6976,0.0,417
6977,0.0,418
6981,0.0,419
6992,0.0,420
7012,0.0,423
7016,0.0,424
7047,0.0,426
7056,0.0,428
7063,0.0,427
7066,0.0,432
7074,0.0,430
7082,0.0,429
7084,0.0,431
7109,0.0,434
7110,0.0,436
7113,0.0,440
7119,0.0,435
7126,0.0,439
7130,0.0,443
7132,0.0,438
7133,0.0,441
7137,0.0,444
7139,0.0,442
7141,0.0,446
7146,0.0,445
7151,0.0,447
7163,0.0,449
7177,0.0,448
7182,0.0,450
7202,0.0,453
7203,0.0,451
7207,0.0,452
7243,0.0,455
7254,0.0,456
7261,0.0,459
7277,0.0,457
7287,0.0,461
7291,0.0,460
7305,0.0,464
7306,0.0,458
7308,0.0,463
7340,0.0,469
7343,0.0,467
7345,0.0,465
7346,0.0,473
7349,0.0,466
7353,0.0,468
7354,0.0,471
7355,0.0,474
7368,0.0,470
7381,0.0,472
7388,0.0,475
7393,0.0,477
7412,0.0,478
7423,0.0,481
7439,0.0,480
7449,0.0,482
7460,0.0,486
7468,0.0,485
7470,0.0,483
7481,0.0,484
7484,0.0,487
7490,0.0,489
7493,0.0,488
7497,0.0,492
7518,0.0,491
7523,0.0,496
7527,0.0,498
7533,0.0,494
7548,0.0,499
7549,0.0,500
7586,0.0,501
7590,0.0,503
7592,0.0,505
7639,0.0,507
7674,0.0,509
7685,0.0,510
7689,0.0,508
7713,0.0,513
7718,0.0,512
7731,0.0,519
7733,0.0,515
7750,0.0,517
7770,0.0,518
7775,0.0,521
7777,0.0,520
7802,0.0,522
7808,0.0,523
7811,0.0,528
7825,0.0,525
7831,0.0,527
7835,0.0,526
7850,0.0,532
7853,0.0,536
7854,0.0,533
7861,0.0,531
7872,0.0,535
7875,0.0,538
7880,0.0,534
7893,0.0,540
7895,0.0,539
7903,0.0,542
7944,0.0,543
7959,0.0,546
7965,0.0,544
7968,0.0,547
8009,0.0,548
8037,0.0,555
8050,0.0,557
8060,0.0,563
8061,0.0,551
8063,0.0,554
8065,0.0,556
8072,0.0,560
8075,0.0,559
8077,0.0,558
8082,0.0,561
8084,0.0,567
8091,0.0,562
8099,0.0,564
8107,0.0,565
8116,0.0,566
8120,0.0,570
8128,0.0,572
8131,0.0,577
8132,0.0,571
8133,0.0,569
8134,0.0,581
8135,0.0,573
8138,0.0,579
8150,0.0,576
8166,0.0,580
8174,0.0,583
8177,0.0,584
8178,0.0,582
8180,0.0,585
8185,0.0,586
8186,0.0,589
8188,0.0,587
8208,0.0,588
8227,0.0,592
8234,0.0,590
8244,0.0,591
8245,0.0,598
8251,0.0,597
8260,0.0,593
8261,0.0,603
8264,0.0,595
8269,0.0,616
8271,0.0,606
8273,0.0,600
8274,0.0,607
8276,0.0,602
8277,0.0,599
8283,0.0,605
8286,0.0,601
8290,0.0,604
8293,0.0,608
8294,0.0,610
8297,0.0,612
8300,0.0,618
8303,0.0,622
8306,0.0,617
8308,0.0,615
8311,0.0,611
8313,0.0,613
8314,0.0,619
8317,0.0,620
8318,0.0,621
8328,0.0,623
8347,0.0,626
8353,0.0,624
8359,0.0,625
8370,0.0,634
8371,0.0,627
8372,0.0,633
8373,0.0,629
8375,0.0,628
8378,0.0,632
8381,0.0,631
8382,0.0,630
8404,0.0,635
8412,0.0,640
8415,0.0,636
8418,0.0,639
8422,0.0,641
8424,0.0,637
8445,0.0,642
8467,0.0,643
8477,0.0,645
8480,0.0,644
8491,0.0,647
8507,0.0,648
8515,0.0,651
8526,0.0,650
8528,0.0,652
8531,0.0,653
8537,0.0,655
8545,0.0,656
8546,0.0,654
8555,0.0,657
8602,0.0,660
8618,0.0,661
8633,0.0,662
8635,0.0,665
8638,0.0,668
8640,0.0,663
8655,0.0,667
8657,0.0,671
8671,0.0,670
8681,0.0,669
8704,0.0,672
8709,0.0,673
8712,0.0,675
8715,0.0,677
8716,0.0,674
8734,0.0,678
8736,0.0,676
8786,0.0,681
8793,0.0,682
8811,0.0,685
8819,0.0,683
8830,0.0,689
8835,0.0,693
8840,0.0,690
8842,0.0,688
8848,0.0,691
8850,0.0,703
8851,0.0,694
8854,0.0,687
8856,0.0,701
8860,0.0,686
8861,0.0,692
8866,0.0,697
8871,0.0,699
8878,0.0,695
8884,0.0,698
8890,0.0,704
8891,0.0,702
8895,0.0,707
8901,0.0,706
8903,0.0,700
8919,0.0,711
8923,0.0,709
8934,0.0,712
8949,0.0,714
8954,0.0,713
8955,0.0,710
8958,0.0,708
8961,0.0,721
8962,0.0,715
8966,0.0,716
8969,0.0,717
8978,0.0,718
8980,0.0,722
8983,0.0,719
8985,0.0,720
8988,0.0,728
8997,0.0,723
9007,0.0,725
9008,0.0,732
9010,0.0,724
9011,0.0,729
9014,0.0,726
9017,0.0,730
9023,0.0,733
9024,0.0,739
9026,0.0,734
9029,0.0,731
9043,0.0,735
9048,0.0,740
9049,0.0,736
9055,0.0,737
9057,0.0,741
9062,0.0,738
9069,0.0,744
9076,0.0,743
9085,0.0,746
9086,0.0,745
9092,0.0,752
9098,0.0,755
9102,0.0,750
9106,0.0,747
9114,0.0,748
9119,0.0,749
9126,0.0,751
9137,0.0,753
9138,0.0,754
9141,0.0,757
9147,0.0,756
9152,0.0,758
9162,0.0,759
9169,0.0,760
9188,0.0,761
9189,0.0,765
9190,0.0,762
9199,0.0,768
9200,0.0,763
9210,0.0,764
9217,0.0,770
9223,0.0,766
9234,0.0,767
9240,0.0,771
9242,0.0,775
9246,0.0,769
9263,0.0,774
9264,0.0,773
9265,0.0,772
9312,0.0,777
9317,0.0,778
9318,0.0,779
9327,0.0,783
9330,0.0,781
9334,0.0,780
9341,0.0,782
9342,0.0,784
9347,0.0,785
9353,0.0,786
9360,0.0,788
9362,0.0,787
9364,0.0,792
9366,0.0,790
9368,0.0,789
9376,0.0,798
9379,0.0,796
9380,0.0,793
9381,0.0,795
9391,0.0,794
9394,0.0,797
9398,0.0,800
9402,0.0,799
9411,0.0,803
9414,0.0,801
9432,0.0,805
9437,0.0,804
9447,0.0,807
9467,0.0,811
9468,0.0,810
9474,0.0,806
9476,0.0,809
9486,0.0,819
9488,0.0,812
9490,0.0,813
9491,0.0,816
9500,0.0,814
9507,0.0,815
9511,0.0,817
9513,0.0,820
9527,0.0,818
9531,0.0,821
9537,0.0,831
9539,0.0,822
9542,0.0,823
9548,0.0,825
9550,0.0,824
9556,0.0,826
9557,0.0,828
9564,0.0,829
9566,0.0,833
9570,0.0,830
9576,0.0,832
9591,0.0,836
9595,0.0,834
9596,0.0,838
9598,0.0,837
9601,0.0,835
9618,0.0,839
9619,0.0,840
9623,0.0,843
9630,0.0,841
9636,0.0,844
9640,0.0,842
9644,0.0,845
9646,0.0,846
9649,0.0,854
9651,0.0,855
9658,0.0,851
9659,0.0,850
9661,0.0,847
9664,0.0,849
9681,0.0,852
9683,0.0,858
9686,0.0,860
9688,0.0,856
9693,0.0,861
9695,0.0,853
9697,0.0,862
9704,0.0,857
9707,0.0,863
9714,0.0,859
9715,0.0,866
9733,0.0,864
9740,0.0,865
9750,0.0,869
9774,0.0,870
9776,0.0,867
9778,0.0,868
9782,0.0,871
9789,0.0,876
9794,0.0,873
9795,0.0,872
9800,0.0,875
9804,0.0,877
9805,0.0,880
9808,0.0,878
9837,0.0,891
9840,0.0,879
9846,0.0,882
9847,0.0,881
9852,0.0,884
9853,0.0,902
9855,0.0,892
9857,0.0,885
9859,0.0,893
9861,0.0,888
9863,0.0,883
9864,0.0,886
9867,0.0,900
9869,0.0,889
9872,0.0,887
9874,0.0,894
9875,0.0,895
9877,0.0,890
9878,0.0,896
9880,0.0,897
9882,0.0,898
9885,0.0,908
9887,0.0,904
9891,0.0,913
9892,0.0,906
9893,0.0,901
9896,0.0,905
9898,0.0,903
9899,0.0,907
9907,0.0,916
9909,0.0,909
9913,0.0,917
9914,0.0,912
9918,0.0,910
9929,0.0,911
9931,0.0,922
9940,0.0,914
9950,0.0,915
9954,0.0,920
9958,0.0,921
9960,0.0,918
9967,0.0,923
9968,0.0,919
9970,0.0,924
9983,0.0,926
9984,0.0,930
9986,0.0,928
9988,0.0,925
9989,0.0,927
9990,0.0,929
9992,0.0,935
9993,0.0,932
9994,0.0,943
9998,0.0,934
9999,0.0,933
10003,0.0,942
10008,0.0,945
10010,0.0,937
10013,0.0,944
10016,0.0,941
10020,0.0,938
10027,0.0,939
10033,0.0,940
10041,0.0,946
10049,0.0,948
10054,0.0,950
10059,0.0,947
10062,0.0,949
10064,0.0,951
10070,0.0,952
10072,0.0,954
10076,0.0,961
10080,0.0,953
10088,0.0,956
10090,0.0,955
10094,0.0,963
10104,0.0,958
10106,0.0,959
10108,0.0,960
10109,0.0,962
10110,0.0,957
10112,0.0,964
10114,0.0,973
10115,0.0,968
10116,0.0,969
10120,0.0,967
10122,0.0,965
10124,0.0,975
10126,0.0,971
10128,0.0,966
10130,0.0,970
10132,0.0,972
10135,0.0,981
10137,0.0,974
10141,0.0,977
10143,0.0,976
10147,0.0,978
10148,0.0,979
10151,0.0,980
10155,0.0,983
10161,0.0,984
10163,0.0,982
10166,0.0,985
10176,0.0,989
10178,0.0,993
10180,0.0,990
10181,0.0,987
10186,0.0,986
10190,0.0,991
10194,0.0,994
10196,0.0,992
10198,0.0,988
10201,0.0,995
10204,0.0,996
10213,0.0,997
10220,0.0,998
10237,0.0,999
10264,0.0,1002
10271,0.0,1004
10273,0.0,1003
10275,0.0,1001
10282,0.0,1006
10284,0.0,1009
10286,0.0,1007
10289,0.0,1008
10293,0.0,1010
10296,0.0,1017
10298,0.0,1011
10299,0.0,1012
10301,0.0,1016
10303,0.0,1014
10305,0.0,1015
10307,0.0,1019
10313,0.0,1018
10314,0.0,1013
10322,0.0,1021
10326,0.0,1020
10328,0.0,1025
10330,0.0,1024
10331,0.0,1022
10333,0.0,1028
10335,0.0,1031
10336,0.0,1023
10338,0.0,1029
10340,0.0,1032
10341,0.0,1030
10345,0.0,1026
10347,0.0,1027
10348,0.0,1034
10350,0.0,1035
10357,0.0,1033
10361,0.0,1037
10363,0.0,1039
10371,0.0,1041
10375,0.0,1038
10377,0.0,1043
10379,0.0,1042
10381,0.0,1040
10383,0.0,1052
10385,0.0,1044
10387,0.0,1045
10389,0.0,1049
10391,0.0,1051
10393,0.0,1046
10400,0.0,1047
10403,0.0,1055
10405,0.0,1050
10409,0.0,1053
10410,0.0,1048
10412,0.0,1059
10413,0.0,1054
10415,0.0,1060
10417,0.0,1056
10418,0.0,1057
10420,0.0,1063
10421,0.0,1062
10423,0.0,1058
10425,0.0,1065
10427,0.0,1061
10429,0.0,1067
10434,0.0,1071
10437,0.0,1064
10446,0.0,1066
10447,0.0,1078
10452,0.0,1072
10454,0.0,1068
10455,0.0,1070
10457,0.0,1069
10460,0.0,1074
10469,0.0,1076
10481,0.0,1073
10483,0.0,1077
10488,0.0,1075
10490,0.0,1079
10495,0.0,1080
10518,0.0,1081
10536,0.0,1082
10549,0.0,1084
10550,0.0,1086
10551,0.0,1090
10552,0.0,1085
10554,0.0,1083
10557,0.0,1088
10558,0.0,1087
10562,0.0,1089
10570,0.0,1091
10584,0.0,1101
10585,0.0,1093
10587,0.0,1092
10592,0.0,1098
10594,0.0,1094
10595,0.0,1095
10599,0.0,1096
10602,0.0,1100
10608,0.0,1097
10610,0.0,1107
10611,0.0,1108
10613,0.0,1099
10615,0.0,1102
10617,0.0,1103
10622,0.0,1104
10624,0.0,1105
10628,0.0,1106
10646,0.0,1113
10654,0.0,1109
10659,0.0,1110
10662,0.0,1111
10663,0.0,1114
10665,0.0,1112
10668,0.0,1117
10676,0.0,1118
10678,0.0,1116
10680,0.0,1115
10690,0.0,1122
10692,0.0,1120
10694,0.0,1129
10695,0.0,1128
10697,0.0,1121
10699,0.0,1119
10701,0.0,1123
10703,0.0,1124
10706,0.0,1131
10709,0.0,1132
10711,0.0,1125
10714,0.0,1134
10715,0.0,1126
10717,0.0,1127
10723,0.0,1130
10728,0.0,1137
10730,0.0,1135
10731,0.0,1133
10738,0.0,1140
10740,0.0,1136
10744,0.0,1139
10746,0.0,1142
10751,0.0,1138
10755,0.0,1143
10756,0.0,1141
10761,0.0,1150
10764,0.0,1146
10765,0.0,1144
10777,0.0,1147
10779,0.0,1152
10783,0.0,1148
10787,0.0,1145
10790,0.0,1154
10792,0.0,1149
10795,0.0,1153
10801,0.0,1151
10808,0.0,1156
10815,0.0,1155
10824,0.0,1159
10826,0.0,1158
10846,0.0,1160
10852,0.0,1157
10861,0.0,1162
10864,0.0,1161
10874,0.0,1169
10876,0.0,1164
10878,0.0,1163
10885,0.0,1166
10887,0.0,1168
10892,0.0,1167
10894,0.0,1165
10896,0.0,1172
10898,0.0,1173
10902,0.0,1171
10912,0.0,1174
10914,0.0,1170
10922,0.0,1175
10925,0.0,1180
10929,0.0,1179
10936,0.0,1176
10944,0.0,1177
10947,0.0,1178
10949,0.0,1181
10951,0.0,1186
10963,0.0,1189
10965,0.0,1192
10966,0.0,1183
10967,0.0,1182
10969,0.0,1184
10977,0.0,1187
10987,0.0,1195
10994,0.0,1196
10996,0.0,1185
10998,0.0,1194
11002,0.0,1188
11006,0.0,1190
11011,0.0,1193
11013,0.0,1191
11021,0.0,1197
11037,0.0,1202
11042,0.0,1201
11046,0.0,1200
11056,0.0,1204
11058,0.0,1203
11069,0.0,1207
11077,0.0,1206
11078,0.0,1205
11097,0.0,1209
11099,0.0,1208
11104,0.0,1214
11107,0.0,1213
11111,0.0,1210
11121,0.0,1211
11122,0.0,1212
11128,0.0,1216
11134,0.0,1218
11136,0.0,1217
11138,0.0,1215
11142,0.0,1221
11144,0.0,1228
11146,0.0,1220
11149,0.0,1239
11152,0.0,1225
11153,0.0,1223
11155,0.0,1226
11157,0.0,1222
11160,0.0,1227
11162,0.0,1224
11164,0.0,1235
11167,0.0,1233
11169,0.0,1229
11170,0.0,1241
11173,0.0,1230
11174,0.0,1238
11177,0.0,1234
11179,0.0,1237
11181,0.0,1232
11184,0.0,1236
11186,0.0,1231
11188,0.0,1240
11194,0.0,1244
11196,0.0,1243
11201,0.0,1245
11203,0.0,1242
11206,0.0,1247
11212,0.0,1246
11214,0.0,1250
11216,0.0,1248
11220,0.0,1249
11224,0.0,1251
11229,0.0,1254
11236,0.0,1253
11238,0.0,1252
11246,0.0,1255
11248,0.0,1256
11251,0.0,1259
11254,0.0,1258
11260,0.0,1257
11269,0.0,1268
11271,0.0,1261
11273,0.0,1260
11275,0.0,1265
11277,0.0,1264
11278,0.0,1262
11282,0.0,1266
11284,0.0,1267
11285,0.0,1263
11287,0.0,1273
11288,0.0,1270
11296,0.0,1269
11300,0.0,1272
11304,0.0,1271
11314,0.0,1275
11315,0.0,1274
11328,0.0,1276
11330,0.0,1279
11331,0.0,1277
11333,0.0,1280
11335,0.0,1278
11338,0.0,1282
11340,0.0,1283
11344,0.0,1285
11346,0.0,1281
11349,0.0,1292
11355,0.0,1284
11357,0.0,1286
11363,0.0,1288
11367,0.0,1289
11369,0.0,1297
11371,0.0,1287
11373,0.0,1291
11377,0.0,1296
11383,0.0,1294
11384,0.0,1295
11389,0.0,1290
11392,0.0,1293
11399,0.0,1300
11401,0.0,1298
11403,0.0,1304
11405,0.0,1299
11410,0.0,1302
11418,0.0,1301
11425,0.0,1303
11427,0.0,1308
11429,0.0,1305
11431,0.0,1306
11435,0.0,1307
11446,0.0,1310
11448,0.0,1314
11450,0.0,1309
11455,0.0,1311
11457,0.0,1312
11458,0.0,1315
11460,0.0,1313
11466,0.0,1316
11468,0.0,1319
11471,0.0,1318
11479,0.0,1317
11481,0.0,1320
11486,0.0,1321
11488,0.0,1322
11498,0.0,1324
11500,0.0,1323
11503,0.0,1325
11506,0.0,1327
11518,0.0,1326
11523,0.0,1329
11530,0.0,1328
11531,0.0,1330
11542,0.0,1331
11550,0.0,1333
11568,0.0,1334
11570,0.0,1336
11574,0.0,1342
11578,0.0,1335
11585,0.0,1340
11588,0.0,1338
11589,0.0,1341
11598,0.0,1345
11599,0.0,1346
11601,0.0,1339
11603,0.0,1343
11626,0.0,1344
11635,0.0,1347
11637,0.0,1348
11643,0.0,1349
11645,0.0,1350
11647,0.0,1354
11649,0.0,1352
11651,0.0,1351
11663,0.0,1357
11665,0.0,1356
11669,0.0,1353
11673,0.0,1355
11681,0.0,1359
11685,0.0,1360
11687,0.0,1362
11690,0.0,1358
11692,0.0,1364
11694,0.0,1361
11703,0.0,1368
11704,0.0,1363
11708,0.0,1366
11710,0.0,1367
11717,0.0,1365
11722,0.0,1370
11733,0.0,1369
11740,0.0,1371
11748,0.0,1372
11756,0.0,1373
11765,0.0,1375
11783,0.0,1374
11790,0.0,1377
11793,0.0,1378
11800,0.0,1379
11805,0.0,1376
11807,0.0,1380
11813,0.0,1388
11815,0.0,1386
11817,0.0,1383
11820,0.0,1382
11822,0.0,1385
11824,0.0,1387
11826,0.0,1392
11828,0.0,1390
11830,0.0,1396
11834,0.0,1401
11836,0.0,1384
11837,0.0,1389
11841,0.0,1391
11843,0.0,1394
11845,0.0,1393
11847,0.0,1395
11851,0.0,1402
11855,0.0,1399
11856,0.0,1397
11858,0.0,1398
11862,0.0,1400
11866,0.0,1405
11868,0.0,1404
11874,0.0,1408
11876,0.0,1409
11882,0.0,1403
11884,0.0,1410
11886,0.0,1406
11888,0.0,1407
11891,0.0,1416
11893,0.0,1412
11899,0.0,1425
11901,0.0,1413
11903,0.0,1411
11905,0.0,1418
11908,0.0,1415
11911,0.0,1414
11917,0.0,1417
11921,0.0,1423
11923,0.0,1419
11924,0.0,1420
11927,0.0,1422
11930,0.0,1426
11932,0.0,1421
11934,0.0,1428
11936,0.0,1424
11938,0.0,1427
11956,0.0,1429
11969,0.0,1430
11977,0.0,1431
11980,0.0,1432
11994,0.0,1434
12001,0.0,1435
12003,0.0,1433
12008,0.0,1436
12033,0.0,1438
12036,0.0,1437
12045,0.0,1439
12051,0.0,1440
12057,0.0,1441
12064,0.0,1444
12067,0.0,1442
12073,0.0,1443
12079,0.0,1447
12082,0.0,1449
12086,0.0,1446
12093,0.0,1448
12096,0.0,1450
12098,0.0,1445
12107,0.0,1451
12119,0.0,1452
12123,0.0,1453
12124,0.0,1455
12126,0.0,1454
12130,0.0,1459
12132,0.0,1456
12143,0.0,1462
12147,0.0,1458
12148,0.0,1457
12150,0.0,1460
12153,0.0,1464
12155,0.0,1461
12159,0.0,1467
12173,0.0,1466
12178,0.0,1463
12182,0.0,1472
12184,0.0,1474
12186,0.0,1470
12188,0.0,1468
12193,0.0,1471
12196,0.0,1469
12198,0.0,1465
12200,0.0,1477
12202,0.0,1476
12210,0.0,1475
12214,0.0,1473
12221,0.0,1481
12223,0.0,1482
12225,0.0,1480
12227,0.0,1483
12234,0.0,1478
12239,0.0,1479
12244,0.0,1484
12250,0.0,1488
12255,0.0,1486
12258,0.0,1491
12260,0.0,1485
12262,0.0,1489
12272,0.0,1487
12284,0.0,1490
12288,0.0,1492
12294,0.0,1497
12297,0.0,1495
12301,0.0,1494
12308,0.0,1499
12312,0.0,1493
12314,0.0,1496
12315,0.0,1498
12332,0.0,1500
12342,0.0,1501
12344,0.0,1502
12346,0.0,1504
12354,0.0,1505
12358,0.0,1503
12368,0.0,1506
12370,0.0,1509
12373,0.0,1508
12382,0.0,1512
12387,0.0,1507
12389,0.0,1510
12390,0.0,1513
12406,0.0,1511
12410,0.0,1514
12412,0.0,1515
12421,0.0,1516
12426,0.0,1517
12428,0.0,1518
12434,0.0,1519
12437,0.0,1520
12445,0.0,1524
12447,0.0,1525
12454,0.0,1522
12456,0.0,1523
12463,0.0,1526
12466,0.0,1521
12473,0.0,1530
12475,0.0,1527
12477,0.0,1533
12483,0.0,1528
12491,0.0,1537
12493,0.0,1529
12495,0.0,1532
12496,0.0,1540
12500,0.0,1538
12502,0.0,1534
12506,0.0,1531
12510,0.0,1535
12519,0.0,1536
12523,0.0,1542
12526,0.0,1539
12528,0.0,1541
12530,0.0,1545
12533,0.0,1543
12541,0.0,1546
12545,0.0,1544
12556,0.0,1547
12557,0.0,1548
12568,0.0,1549
12578,0.0,1550
12582,0.0,1552
12586,0.0,1551
12588,0.0,1553
12608,0.0,1554
12613,0.0,1555
12640,0.0,1558
12647,0.0,1556
12650,0.0,1557
12669,0.0,1560
12671,0.0,1559
12688,0.0,1566
12690,0.0,1561
12696,0.0,1565
12703,0.0,1563
12704,0.0,1564
12706,0.0,1562
12719,0.0,1568
12744,0.0,1569
12748,0.0,1567
12765,0.0,1570
12770,0.0,1571
12779,0.0,1573
12785,0.0,1572
12816,0.0,1574
12820,0.0,1575
12835,0.0,1576
12839,0.0,1577
12844,0.0,1579
12846,0.0,1582
12848,0.0,1578
12850,0.0,1581
12852,0.0,1580
12876,0.0,1583
12878,0.0,1584
12880,0.0,1588
12888,0.0,1586
12892,0.0,1585
12904,0.0,1587
12913,0.0,1589
12917,0.0,1590
12930,0.0,1591
12963,0.0,1593
12967,0.0,1592
12971,0.0,1594
12975,0.0,1595
12977,0.0,1596
12981,0.0,1597
12985,0.0,1600
12987,0.0,1599
12993,0.0,1601
12995,0.0,1598
13000,0.0,1604
13004,0.0,1602
13006,0.0,1603
13009,0.0,1605
13021,0.0,1607
13023,0.0,1606
13028,0.0,1608
13037,0.0,1609
13049,0.0,1612
13051,0.0,1611
13055,0.0,1610
13067,0.0,1613
13072,0.0,1615
13078,0.0,1614
13085,0.0,1617
13091,0.0,1616
13095,0.0,1619
13103,0.0,1620
13107,0.0,1622
13109,0.0,1621
13123,0.0,1623
13132,0.0,1626
13141,0.0,1628
13145,0.0,1625
13147,0.0,1624
13160,0.0,1627
13166,0.0,1630
13175,0.0,1629
13181,0.0,1631
13209,0.0,1632
13220,0.0,1633
13238,0.0,1634
13242,0.0,1635
13247,0.0,1636
13250,0.0,1637
13269,0.0,1638
13270,0.0,1639
13284,0.0,1641
13289,0.0,1640
13293,0.0,1642
13294,0.0,1643
13296,0.0,1644
13323,0.0,1645
13326,0.0,1647
13334,0.0,1648
13339,0.0,1654
13341,0.0,1646
13345,0.0,1656
13348,0.0,1650
13356,0.0,1651
13358,0.0,1652
13365,0.0,1657
13367,0.0,1653
13369,0.0,1660
13371,0.0,1655
13385,0.0,1659
13387,0.0,1658
13389,0.0,1662
13393,0.0,1661
13395,0.0,1663
13414,0.0,1665
13417,0.0,1668
13422,0.0,1669
13426,0.0,1664
13431,0.0,1667
13435,0.0,1666
13439,0.0,1671
13441,0.0,1670
13450,0.0,1672
13461,0.0,1673
13463,0.0,1678
13465,0.0,1675
13469,0.0,1674
13485,0.0,1679
13490,0.0,1676
13495,0.0,1677
13513,0.0,1681
13534,0.0,1680
13550,0.0,1684
13552,0.0,1683
13559,0.0,1682
13561,0.0,1686
13575,0.0,1685
13590,0.0,1688
13598,0.0,1687
13607,0.0,1689
13610,0.0,1690
13623,0.0,1693
13624,0.0,1692
13626,0.0,1691
13630,0.0,1694
13636,0.0,1695
13641,0.0,1696
13659,0.0,1697
13661,0.0,1700
13665,0.0,1698
13674,0.0,1699
13687,0.0,1701
13693,0.0,1702
13721,0.0,1703
13733,0.0,1706
13755,0.0,1705
13757,0.0,1704
13767,0.0,1707
13771,0.0,1710
13774,0.0,1708
13776,0.0,1709
13797,0.0,1711
13812,0.0,1713
13836,0.0,1712
13840,0.0,1718
13842,0.0,1720
13847,0.0,1714
13851,0.0,1715
13855,0.0,1716
13859,0.0,1724
13861,0.0,1717
13867,0.0,1721
13869,0.0,1723
13871,0.0,1719
13876,0.0,1722
13886,0.0,1725
13890,0.0,1726
13895,0.0,1729
13897,0.0,1727
13899,0.0,1728
13903,0.0,1734
13910,0.0,1730
13916,0.0,1732
13920,0.0,1731
13934,0.0,1736
13936,0.0,1735
13940,0.0,1733
13956,0.0,1738
13960,0.0,1739
13962,0.0,1737
13991,0.0,1740
13993,0.0,1741
14007,0.0,1742
14014,0.0,1744
14016,0.0,1745
14020,0.0,1743
14023,0.0,1748
14024,0.0,1747
14031,0.0,1746
14036,0.0,1749
14038,0.0,1751
14057,0.0,1750
14062,0.0,1753
14068,0.0,1752
14074,0.0,1754
14103,0.0,1756
14107,0.0,1755
14114,0.0,1757
14119,0.0,1759
14131,0.0,1758
14135,0.0,1761
14141,0.0,1762
14144,0.0,1760
14157,0.0,1763
14175,0.0,1765
14177,0.0,1771
14179,0.0,1766
14185,0.0,1767
14187,0.0,1768
14189,0.0,1769
14191,0.0,1772
14199,0.0,1773
14203,0.0,1770
14207,0.0,1775
14210,0.0,1774
14212,0.0,1776
14214,0.0,1778
14220,0.0,1779
14224,0.0,1777
14228,0.0,1780
14232,0.0,1784
14235,0.0,1781
14241,0.0,1783
14244,0.0,1782
14246,0.0,1786
14254,0.0,1785
14261,0.0,1793
14263,0.0,1787
14267,0.0,1788
14269,0.0,1790
14271,0.0,1789
14273,0.0,1798
14275,0.0,1791
14277,0.0,1792
14279,0.0,1794
14283,0.0,1796
14285,0.0,1797
14292,0.0,1801
14294,0.0,1799
14299,0.0,1800
14307,0.0,1795
14319,0.0,1809
14321,0.0,1802
14325,0.0,1806
14327,0.0,1803
14329,0.0,1804
14333,0.0,1805
14339,0.0,1808
14347,0.0,1807
14350,0.0,1810
14352,0.0,1811
14376,0.0,1815
14389,0.0,1812
14395,0.0,1813
14404,0.0,1814
14412,0.0,1818
14416,0.0,1819
14420,0.0,1816
14423,0.0,1817
14460,0.0,1820
14472,0.0,1823
14478,0.0,1821
14488,0.0,1822
14506,0.0,1824
14508,0.0,1825
14522,0.0,1826
14526,0.0,1828
14539,0.0,1827
14558,0.0,1829
14560,0.0,1830
14574,0.0,1831
14585,0.0,1832
14591,0.0,1835
14600,0.0,1836
14606,0.0,1834
14608,0.0,1833
14611,0.0,1838
14639,0.0,1839
14647,0.0,1841
14649,0.0,1840
14651,0.0,1843
14653,0.0,1842
14663,0.0,1844
14691,0.0,1846
14695,0.0,1847
14703,0.0,1850
14706,0.0,1851
14708,0.0,1848
14718,0.0,1849
14727,0.0,1852
14734,0.0,1853
14736,0.0,1855
14746,0.0,1854
14750,0.0,1857
14756,0.0,1856
14765,0.0,1858
14771,0.0,1860
14772,0.0,1861
14773,0.0,1859
14786,0.0,1862
14794,0.0,1863
14805,0.0,1868
14807,0.0,1867
14811,0.0,1865
14818,0.0,1864
14820,0.0,1866
14825,0.0,1869
14829,0.0,1870
14838,0.0,1871
14840,0.0,1873
14841,0.0,1872
14872,0.0,1874
14878,0.0,1875
14902,0.0,1876
14913,0.0,1877
14915,0.0,1878
14919,0.0,1881
14922,0.0,1880
14938,0.0,1879
14950,0.0,1882
14995,0.0,1884
14999,0.0,1883
15004,0.0,1886
15006,0.0,1885
15010,0.0,1887
15030,0.0,1888
15032,0.0,1889
15052,0.0,1890
15079,0.0,1893
15085,0.0,1891
15096,0.0,1895
15102,0.0,1894
15110,0.0,1896
15139,0.0,1899
15143,0.0,1898
15245,0.0,1900
15303,0.0,1901
15305,0.0,1902
15320,0.0,1903
15391,0.0,1904
20001,0.0,1908
20003,0.0,1906
20005,0.0,1907
20009,0.0,1914
20010,0.0,1909
20015,0.0,1913
20018,0.0,1911
20022,0.0,1910
20023,0.0,1915
20026,0.0,1912
40001,0.0,1916
40004,0.0,1917
40005,0.0,1918
40007,0.0,1919
40008,0.0,1920
40011,0.0,1921
40015,0.0,1922
40016,0.0,1923
40020,0.0,1924
40025,0.0,1925
40035,0.0,1926
50001,0.0,1927
50004,0.0,1928
50008,0.0,1929
50009,0.0,1930
50010,0.0,1931
50012,0.0,1932
50014,0.0,1933
50018,0.0,1934
50022,0.0,1935
50026,0.0,1936
50201,0.0,1937
70001,0.0,1938
70002,0.0,1939
70003,0.0,1940
70006,0.0,1941
70010,0.0,1942
70011,0.0,1943
70013,0.0,1944
70017,0.0,1945
70018,0.0,1946
70019,0.0,1947
70021,0.0,1948
70022,0.0,1949
70027,0.0,1950
70032,0.0,1951
70099,0.0,1952
80001,0.0,1953
80002,0.0,1954
80005,0.0,1955
80007,0.0,1956
80012,0.0,1957
80015,0.0,1958
90001,0.0,1959
90003,0.0,1960
90004,0.0,1961
90007,0.0,1962
90009,0.0,1963
90011,0.0,1964
90013,0.0,1965
90015,0.0,1966
90016,0.0,1967
90018,0.0,1968
90019,0.0,1969
90020,0.0,1970
100016,0.0,1971
100020,0.0,1972
100022,0.0,1973
100026,0.0,1974
100029,0.0,1975
100038,0.0,1976
100039,0.0,1977
100056,0.0,1978
100060,0.0,1979
110001,0.0,1980
110002,0.0,1981
110005,0.0,1982
110009,0.0,1983
110010,0.0,1984
110011,0.0,1985
110012,0.0,1986
110013,0.0,1987
110015,0.0,1988
110022,0.0,1989
110023,0.0,1990
110025,0.0,1991
110029,0.0,1992
110030,0.0,1993
112002,0.0,1994
121002,0.0,1995
121003,0.0,1996
121005,0.0,1997
121006,0.0,1998
121008,0.0,1999
121010,0.0,2000
150103,0.0,2001
150968,0.0,2002
151001,0.0,2003
160105,0.0,2004
160106,0.0,2005
160127,0.0,2006
160133,0.0,2007
160142,0.0,2008
160143,0.0,2009
160211,0.0,2010
160212,0.0,2011
160215,0.0,2012
160311,0.0,2013
160314,0.0,2014
160322,0.0,2015
160324,0.0,2016
160325,0.0,2017
160421,0.0,2018
160425,0.0,2019
160505,0.0,2020
160512,0.0,2021
160518,0.0,2022
160519,0.0,2023
160526,0.0,2024
160527,0.0,2025
160529,0.0,2026
160603,0.0,2027
160605,0.0,2028
160607,0.0,2029
160611,0.0,2030
160613,0.0,2031
160624,0.0,2032
160627,0.0,2033
160642,0.0,2034
160645,0.0,2035
160722,0.0,2036
160726,0.0,2037
160727,0.0,2038
160805,0.0,2039
160812,0.0,2040
160813,0.0,2041
160910,0.0,2042
160916,0.0,2043
160918,0.0,2044
160919,0.0,2045
160921,0.0,2046
160926,0.0,2047
161005,0.0,2048
161038,0.0,2049
161040,0.0,2050
161131,0.0,2051
161132,0.0,2052
161219,0.0,2053
161222,0.0,2054
161224,0.0,2055
161225,0.0,2056
161232,0.0,2057
161605,0.0,2058
161606,0.0,2059
161609,0.0,2060
161610,0.0,2061
161611,0.0,2062
161616,0.0,2063
161706,0.0,2064
161728,0.0,2065
161729,0.0,2066
161810,0.0,2067
161818,0.0,2068
161834,0.0,2069
161837,0.0,2070
161838,0.0,2071
161903,0.0,2072
161910,0.0,2073
161912,0.0,2074
161914,0.0,2075
162006,0.0,2076
162102,0.0,2077
162107,0.0,2078
162201,0.0,2079
162202,0.0,2080
162203,0.0,2081
162204,0.0,2082
162207,0.0,2083
162208,0.0,2084
162209,0.0,2085
162211,0.0,2086
162212,0.0,2087
162214,0.0,2088
162605,0.0,2089
162607,0.0,2090
162703,0.0,2091
162717,0.0,2092
162720,0.0,2093
163001,0.0,2094
163110,0.0,2095
163302,0.0,2096
163402,0.0,2097
163406,0.0,2098
163409,0.0,2099
163411,0.0,2100
163412,0.0,2101
163415,0.0,2102
163417,0.0,2103
163418,0.0,2104
163503,0.0,2105
163801,0.0,2106
163803,0.0,2107
163804,0.0,2108
163805,0.0,2109
163807,0.0,2110
163809,0.0,2111
163810,0.0,2112
163818,0.0,2113
163822,0.0,2114
164205,0.0,2115
164403,0.0,2116
164826,0.0,2117
165313,0.0,2118
165317,0.0,2119
165508,0.0,2120
165512,0.0,2121
165516,0.0,2122
165528,0.0,2123
165531,0.0,2124
166001,0.0,2125
166002,0.0,2126
166005,0.0,2127
166006,0.0,2128
166007,0.0,2129
166009,0.0,2130
166011,0.0,2131
166019,0.0,2132
166020,0.0,2133
166023,0.0,2134
166024,0.0,2135
166025,0.0,2136
166027,0.0,2137
166107,0.0,2138
166109,0.0,2139
166301,0.0,2140
166801,0.0,2141
167001,0.0,2142
167002,0.0,2143
167508,0.0,2144
167702,0.0,2145
168002,0.0,2146
168101,0.0,2147
168102,0.0,2148
168103,0.0,2149
168104,0.0,2150
168105,0.0,2151
168207,0.0,2152
168301,0.0,2153
168401,0.0,2154
168501,0.0,2155
168601,0.0,2156
169101,0.0,2157
169102,0.0,2158
169103,0.0,2159
169104,0.0,2160
169105,0.0,2161
169107,0.0,2162
169109,0.0,2163
169201,0.0,2164
180001,0.0,2165
180003,0.0,2166
180010,0.0,2167
180012,0.0,2168
180013,0.0,2169
180018,0.0,2170
180020,0.0,2171
180028,0.0,2172
180031,0.0,2173
200001,0.0,2174
200006,0.0,2175
200007,0.0,2176
200008,0.0,2177
200010,0.0,2178
200012,0.0,2179
200015,0.0,2180
200016,0.0,2181
202001,0.0,2182
202002,0.0,2183
202003,0.0,2184
202005,0.0,2185
202007,0.0,2186
202009,0.0,2187
202011,0.0,2188
202019,0.0,2189
202023,0.0,2190
202027,0.0,2191
202212,0.0,2192
202213,0.0,2193
206002,0.0,2194
206007,0.0,2195
206009,0.0,2196
206012,0.0,2197
206013,0.0,2198
210001,0.0,2199
210002,0.0,2200
210003,0.0,2201
210004,0.0,2202
210005,0.0,2203
210008,0.0,2204
210009,0.0,2205
213001,0.0,2206
213002,0.0,2207
213003,0.0,2208
213006,0.0,2209
213008,0.0,2210
217001,0.0,2211
217005,0.0,2212
217009,0.0,2213
217010,0.0,2214
217012,0.0,2215
217013,0.0,2216
217020,0.0,2217
217021,0.0,2218
229002,0.0,2219
233001,0.0,2220
233006,0.0,2221
233007,0.0,2222
233008,0.0,2223
233009,0.0,2224
233011,0.0,2225
233015,0.0,2226
240001,0.0,2227
240002,0.0,2228
240004,0.0,2229
240005,0.0,2230
240008,0.0,2231
240009,0.0,2232
240010,0.0,2233
240011,0.0,2234
240017,0.0,2235
240020,0.0,2236
240022,0.0,2237
255010,0.0,2238
257010,0.0,2239
257020,0.0,2240
257030,0.0,2241
257040,0.0,2242
257050,0.0,2243
257070,0.0,2244
260101,0.0,2245
260103,0.0,2246
260104,0.0,2247
260108,0.0,2248
260109,0.0,2249
260110,0.0,2250
260111,0.0,2251
260112,0.0,2252
260115,0.0,2253
260116,0.0,2254
260117,0.0,2255
270001,0.0,2256
270005,0.0,2257
270006,0.0,2258
270007,0.0,2259
270008,0.0,2260
270021,0.0,2261
270022,0.0,2262
270025,0.0,2263
270028,0.0,2264
270041,0.0,2265
270050,0.0,2266
288001,0.0,2267
288002,0.0,2268
290002,0.0,2269
290004,0.0,2270
290005,0.0,2271
290006,0.0,2272
290008,0.0,2273
290011,0.0,2274
290012,0.0,2275
290014,0.0,2276
310308,0.0,2277
310328,0.0,2278
310358,0.0,2279
310368,0.0,2280
310388,0.0,2281
320001,0.0,2282
320003,0.0,2283
320005,0.0,2284
320006,0.0,2285
320007,0.0,2286
320011,0.0,2287
320012,0.0,2288
320015,0.0,2289
320016,0.0,2290
320018,0.0,2291
320020,0.0,2292
320022,0.0,2293
340006,0.0,2294
340007,0.0,2295
340008,0.0,2296
350001,0.0,2297
350002,0.0,2298
350005,0.0,2299
350007,0.0,2300
350008,0.0,2301
350009,0.0,2302
360001,0.0,2303
360005,0.0,2304
360006,0.0,2305
360007,0.0,2306
360010,0.0,2307
360011,0.0,2308
360012,0.0,2309
360016,0.0,2310
370024,0.0,2311
370027,0.0,2312
375010,0.0,2313
376510,0.0,2314
377010,0.0,2315
377020,0.0,2316
377150,0.0,2317
377240,0.0,2318
377530,0.0,2319
378010,0.0,2320
379010,0.0,2321
393001,0.0,2322
398001,0.0,2323
398011,0.0,2324
398021,0.0,2325
398031,0.0,2326
398041,0.0,2327
398051,0.0,2328
398061,0.0,2329
399011,0.0,2330
400001,0.0,2331
400003,0.0,2332
400007,0.0,2333
400011,0.0,2334
400015,0.0,2335
400025,0.0,2336
400032,0.0,2337
410001,0.0,2338
410003,0.0,2339
410006,0.0,2340
410007,0.0,2341
410009,0.0,2342
420001,0.0,2343
420003,0.0,2344
420005,0.0,2345
450001,0.0,2346
450002,0.0,2347
450003,0.0,2348
450004,0.0,2349
450007,0.0,2350
450009,0.0,2351
450010,0.0,2352
450011,0.0,2353
460001,0.0,2354
460002,0.0,2355
460005,0.0,2356
460007,0.0,2357
460009,0.0,2358
470006,0.0,2359
470008,0.0,2360
470009,0.0,2361
470021,0.0,2362
470028,0.0,2363
470098,0.0,2364
481001,0.0,2365
481004,0.0,2366
481006,0.0,2367
481008,0.0,2368
481010,0.0,2369
481013,0.0,2370
481015,0.0,2371
481017,0.0,2372
483003,0.0,2373
487016,0.0,2374
487021,0.0,2375
501001,0.0,2376
501002,0.0,2377
501015,0.0,2378
501022,0.0,2379
501026,0.0,2380
501028,0.0,2381
501032,0.0,2382
501038,0.0,2383
501046,0.0,2384
501049,0.0,2385
501051,0.0,2386
501054,0.0,2387
501062,0.0,2388
501063,0.0,2389
501064,0.0,2390
501065,0.0,2391
501066,0.0,2392
501071,0.0,2393
501075,0.0,2394
501077,0.0,2395
501078,0.0,2396
501079,0.0,2397
501080,0.0,2398
501081,0.0,2399
501082,0.0,2400
501083,0.0,2401
501085,0.0,2402
501087,0.0,2403
501088,0.0,2404
501091,0.0,2405
501092,0.0,2406
501093,0.0,2407
501095,0.0,2408
501096,0.0,2409
501097,0.0,2410
501098,0.0,2411
501099,0.0,2412
501186,0.0,2413
501188,0.0,2414
501189,0.0,2415
501200,0.0,2416
501201,0.0,2417
501202,0.0,2418
501203,0.0,2419
501205,0.0,2420
501206,0.0,2421
501207,0.0,2422
501208,0.0,2423
501209,0.0,2424
501219,0.0,2425
506000,0.0,2426
506001,0.0,2427
506002,0.0,2428
506003,0.0,2429
506005,0.0,2430
506006,0.0,2431
506007,0.0,2432
506008,0.0,2433
506009,0.0,2434
510081,0.0,2435
519001,0.0,2436
519002,0.0,2437
519003,0.0,2438
519005,0.0,2439
519008,0.0,2440
519011,0.0,2441
519013,0.0,2442
519015,0.0,2443
519017,0.0,2444
519018,0.0,2445
519019,0.0,2446
519020,0.0,2447
519021,0.0,2448
519025,0.0,2449
519026,0.0,2450
519029,0.0,2451
519033,0.0,2452
519035,0.0,2453
519039,0.0,2454
519056,0.0,2455
519062,0.0,2456
519066,0.0,2457
519068,0.0,2458
519069,0.0,2459
519087,0.0,2460
519089,0.0,2461
519091,0.0,2462
519093,0.0,2463
519095,0.0,2464
519097,0.0,2465
519099,0.0,2466
519110,0.0,2467
519113,0.0,2468
519115,0.0,2469
519120,0.0,2470
519125,0.0,2471
519126,0.0,2472
519133,0.0,2473
519139,0.0,2474
519150,0.0,2475
519156,0.0,2476
519158,0.0,2477
519170,0.0,2478
519171,0.0,2479
519172,0.0,2480
519181,0.0,2481
519183,0.0,2482
519185,0.0,2483
519191,0.0,2484
519193,0.0,2485
519195,0.0,2486
519196,0.0,2487
519198,0.0,2488
519212,0.0,2489
519223,0.0,2490
519606,0.0,2491
519619,0.0,2492
519642,0.0,2493
519644,0.0,2494
519651,0.0,2495
519655,0.0,2496
519656,0.0,2497
519664,0.0,2498
519668,0.0,2499
519670,0.0,2500
519672,0.0,2501
519673,0.0,2502
519674,0.0,2503
519678,0.0,2504
519679,0.0,2505
519688,0.0,2506
519690,0.0,2507
519692,0.0,2508
519694,0.0,2509
519697,0.0,2510
519698,0.0,2511
519700,0.0,2512
519702,0.0,2513
519704,0.0,2514
519710,0.0,2515
519712,0.0,2516
519714,0.0,2517
519727,0.0,2518
519732,0.0,2519
519736,0.0,2520
519756,0.0,2521
519767,0.0,2522
519772,0.0,2523
519773,0.0,2524
519778,0.0,2525
519779,0.0,2526
519908,0.0,2527
519909,0.0,2528
519915,0.0,2529
519918,0.0,2530
519929,0.0,2531
519935,0.0,2532
519949,0.0,2533
519959,0.0,2534
519965,0.0,2535
519969,0.0,2536
519971,0.0,2537
519975,0.0,2538
519979,0.0,2539
519983,0.0,2540
519987,0.0,2541
519991,0.0,2542
519993,0.0,2543
530001,0.0,2544
530003,0.0,2545
530005,0.0,2546
530006,0.0,2547
530011,0.0,2548
530016,0.0,2549
530019,0.0,2550
540002,0.0,2551
540003,0.0,2552
540006,0.0,2553
540007,0.0,2554
540008,0.0,2555
540009,0.0,2556
540010,0.0,2557
550001,0.0,2558
550002,0.0,2559
550003,0.0,2560
550008,0.0,2561
550009,0.0,2562
550015,0.0,2563
560002,0.0,2564
560003,0.0,2565
560006,0.0,2566
570001,0.0,2567
570005,0.0,2568
570006,0.0,2569
570007,0.0,2570
570008,0.0,2571
571002,0.0,2572
580001,0.0,2573
580002,0.0,2574
580003,0.0,2575
580005,0.0,2576
580006,0.0,2577
580007,0.0,2578
580008,0.0,2579
580009,0.0,2580
582003,0.0,2581
590001,0.0,2582
590002,0.0,2583
590003,0.0,2584
590005,0.0,2585
590006,0.0,2586
590008,0.0,2587
610001,0.0,2588
610002,0.0,2589
610004,0.0,2590
610005,0.0,2591
610006,0.0,2592
610007,0.0,2593
620002,0.0,2594
620004,0.0,2595
620006,0.0,2596
620007,0.0,2597
630001,0.0,2598
630002,0.0,2599
630005,0.0,2600
630006,0.0,2601
630008,0.0,2602
630010,0.0,2603
630011,0.0,2604
630015,0.0,2605
630016,0.0,2606
660001,0.0,2607
660003,0.0,2608
660004,0.0,2609
660005,0.0,2610
660006,0.0,2611
660010,0.0,2612
660012,0.0,2613
660015,0.0,2614
671010,0.0,2615
671030,0.0,2616
673010,0.0,2617
673020,0.0,2618
673050,0.0,2619
673060,0.0,2620
673081,0.0,2621
673090,0.0,2622
673110,0.0,2623
673120,0.0,2624
673141,0.0,2625
688888,0.0,2626
690001,0.0,2627
690003,0.0,2628
690004,0.0,2629
690005,0.0,2630
690007,0.0,2631
690009,0.0,2632
690011,0.0,2633
700001,0.0,2634
700003,0.0,2635
700004,0.0,2636
710001,0.0,2637
710002,0.0,2638
720001,0.0,2639
730001,0.0,2640
730002,0.0,2641
740001,0.0,2642
750001,0.0,2643
762001,0.0,2644
770001,0.0,2645
850004,0.0,2646
850005,0.0,2647
850006,0.0,2648
850010,0.0,2649
850013,0.0,2650
860001,0.0,2651
860006,0.0,2652
860007,0.0,2653
860008,0.0,2654
860010,0.0,2655
860016,0.0,2656
860018,0.0,2657
870005,0.0,2658
870009,0.0,2659
870017,0.0,2660
871003,0.0,2661
880007,0.0,2662
900003,0.0,2663
900008,0.0,2664
900009,0.0,2665
900010,0.0,2666
900011,0.0,2667
900013,0.0,2668
900022,0.0,2669
900027,0.0,2670
900029,0.0,2671
910004,0.0,2672
910005,0.0,2673
910006,0.0,2674
910007,0.0,2675
910009,0.0,2676
910010,0.0,2677
910011,0.0,2678
910017,0.0,2679
910021,0.0,2680
910022,0.0,2681
910024,0.0,2682
910026,0.0,2683
910028,0.0,2684
920002,0.0,2685
920003,0.0,2686
920008,0.0,2687
920011,0.0,2688
930602,0.0,2689
952004,0.0,2690
952009,0.0,2691
952035,0.0,2692
959993,0.0,2693
970009,0.0,2694
970015,0.0,2695
970016,0.0,2696
970023,0.0,2697
970033,0.0,2698
970041,0.0,2699
970043,0.0,2700
970047,0.0,2701
970048,0.0,2702
970050,0.0,2703
970068,0.0,2704
970073,0.0,2705
970094,0.0,2706
970101,0.0,2707
970113,0.0,2708
